<?xml version="1.0" encoding="ISO-8859-1"?>
<!-- http://www.ctiservice.cl -->
<!-- Generado por CTI Service -->
<!-- � 2012 - 2025 Copyright all rights reserved CTI Service Limitada -->
<!-- Archivo Generado para SOCIEDAD PUNTA DEL COBRE S.A. 30-07-2025 11:43:52 -->
<link:linkbase xmlns:link="http://www.xbrl.org/2003/linkbase" xmlns:xlink="http://www.w3.org/1999/xlink">
  <link:roleRef roleURI="https://www.cmfchile.cl/cl/fr/ci/role/ias-1_2024-03-27_role-861200" xlink:href="https://www.cmfchile.cl/cl/fr/ci/2025-01-02/cl-ci_ias-1/cl-ci_ias-1_2024-03-27_role-861200.xsd#ias-1_2024-03-27_role-861200" xlink:type="simple" />
  <link:roleRef roleURI="https://www.cmfchile.cl/cl/fr/ci/role/cl-cp_2025-01-02_role-822400a" xlink:href="https://www.cmfchile.cl/cl/fr/ci/2025-01-02/cl-ci_cl-cp/cl-ci_cl-cp_2025-01-02_role-822400.xsd#cl-cp_2025-01-02_role-822400a" xlink:type="simple" />
  <link:roleRef roleURI="https://www.cmfchile.cl/cl/fr/ci/role/ifrs-16_2024-03-27_role-832610a" xlink:href="https://www.cmfchile.cl/cl/fr/ci/2025-01-02/cl-ci_ifrs-16/cl-ci_ifrs-16_2024-03-27_role-832610.xsd#ifrs-16_2024-03-27_role-832610a" xlink:type="simple" />
  <link:roleRef roleURI="https://www.cmfchile.cl/cl/fr/ci/role/ifrs-8_2024-03-27_role-871100b" xlink:href="https://www.cmfchile.cl/cl/fr/ci/2025-01-02/cl-ci_ifrs-8/cl-ci_ifrs-8_2024-03-27_role-871100.xsd#ifrs-8_2024-03-27_role-871100b" xlink:type="simple" />
  <link:roleRef roleURI="https://www.cmfchile.cl/cl/fr/ci/role/ifrs-8_2024-03-27_role-871100c" xlink:href="https://www.cmfchile.cl/cl/fr/ci/2025-01-02/cl-ci_ifrs-8/cl-ci_ifrs-8_2024-03-27_role-871100.xsd#ifrs-8_2024-03-27_role-871100c" xlink:type="simple" />
  <link:roleRef roleURI="https://www.cmfchile.cl/cl/fr/ci/role/ifrs-8_2024-03-27_role-871100d" xlink:href="https://www.cmfchile.cl/cl/fr/ci/2025-01-02/cl-ci_ifrs-8/cl-ci_ifrs-8_2024-03-27_role-871100.xsd#ifrs-8_2024-03-27_role-871100d" xlink:type="simple" />
  <link:roleRef roleURI="https://www.cmfchile.cl/cl/fr/ci/role/ias-24_2024-03-27_role-818000b" xlink:href="https://www.cmfchile.cl/cl/fr/ci/2025-01-02/cl-ci_ias-24/cl-ci_ias-24_2024-03-27_role-818000.xsd#ias-24_2024-03-27_role-818000b" xlink:type="simple" />
  <link:roleRef roleURI="https://www.cmfchile.cl/cl/fr/ci/role/cl-cp_2025-01-02_role-872500a" xlink:href="https://www.cmfchile.cl/cl/fr/ci/2025-01-02/cl-ci_cl-cp/cl-ci_cl-cp_2025-01-02_role-872500.xsd#cl-cp_2025-01-02_role-872500a" xlink:type="simple" />
  <link:roleRef roleURI="https://www.cmfchile.cl/cl/fr/ci/role/circ-1901_2008-10-30_role-872000" xlink:href="https://www.cmfchile.cl/cl/fr/ci/2025-01-02/cl-ci_circ-1901/cl-ci_circ-1901_2008-10-30_role-872000.xsd#circ-1901_2008-10-30_role-872000" xlink:type="simple" />
  <link:roleRef roleURI="https://www.cmfchile.cl/cl/fr/ci/role/ifrs-12_2024-03-27_role-825700" xlink:href="https://www.cmfchile.cl/cl/fr/ci/2025-01-02/cl-ci_ifrs-12/cl-ci_ifrs-12_2024-03-27_role-825700.xsd#ifrs-12_2024-03-27_role-825700" xlink:type="simple" />
  <link:roleRef roleURI="https://www.cmfchile.cl/cl/fr/ci/role/cl-cp_2025-01-02_role-822400c" xlink:href="https://www.cmfchile.cl/cl/fr/ci/2025-01-02/cl-ci_cl-cp/cl-ci_cl-cp_2025-01-02_role-822400.xsd#cl-cp_2025-01-02_role-822400c" xlink:type="simple" />
  <link:arcroleRef xlink:href="http://www.xbrl.org/2005/xbrldt-2005.xsd#domain-member" xlink:type="simple" arcroleURI="http://xbrl.org/int/dim/arcrole/domain-member" />
  <link:definitionLink xlink:role="https://www.cmfchile.cl/cl/fr/ci/role/ias-1_2024-03-27_role-861200" xlink:type="extended">
    <link:loc xlink:label="lbl1" xlink:href="http://xbrl.ifrs.org/taxonomy/2024-03-27/full_ifrs/full_ifrs-cor_2024-03-27.xsd#ifrs-full_OrdinarySharesMember" xlink:type="locator" />
    <link:loc xlink:label="lbl2" xlink:href="96561560_2025-07-30_C_dimension.xsd#tx_ifrs_ClassesOfShareCapitalMember_861200t1_1_F4" xlink:type="locator" />
    <link:definitionArc xlink:to="lbl2" xlink:from="lbl1" xlink:type="arc" xlink:arcrole="http://xbrl.org/int/dim/arcrole/domain-member" />
  </link:definitionLink>
  <link:definitionLink xlink:role="https://www.cmfchile.cl/cl/fr/ci/role/cl-cp_2025-01-02_role-822400a" xlink:type="extended">
    <link:loc xlink:label="lbl5" xlink:href="https://www.cmfchile.cl/cl/fr/ci/2025-01-02/cl-ci_cor_2025-01-02.xsd#cl-ci_PrestamosMiembro" xlink:type="locator" />
    <link:loc xlink:label="lbl6" xlink:href="96561560_2025-07-30_C_dimension.xsd#tx_cl-ci_PrestamosMiembro_822400t1_F7" xlink:type="locator" />
    <link:definitionArc xlink:to="lbl6" xlink:from="lbl5" xlink:type="arc" xlink:arcrole="http://xbrl.org/int/dim/arcrole/domain-member" />
    <link:loc xlink:label="lbl7" xlink:href="96561560_2025-07-30_C_dimension.xsd#tx_cl-ci_PrestamosMiembro_822400t1_F8" xlink:type="locator" />
    <link:definitionArc xlink:to="lbl7" xlink:from="lbl5" xlink:type="arc" xlink:arcrole="http://xbrl.org/int/dim/arcrole/domain-member" />
    <link:loc xlink:label="lbl8" xlink:href="96561560_2025-07-30_C_dimension.xsd#tx_cl-ci_PrestamosMiembro_822400t1_F9" xlink:type="locator" />
    <link:definitionArc xlink:to="lbl8" xlink:from="lbl5" xlink:type="arc" xlink:arcrole="http://xbrl.org/int/dim/arcrole/domain-member" />
    <link:loc xlink:label="lbl9" xlink:href="96561560_2025-07-30_C_dimension.xsd#tx_cl-ci_PrestamosMiembro_822400t1_F10" xlink:type="locator" />
    <link:definitionArc xlink:to="lbl9" xlink:from="lbl5" xlink:type="arc" xlink:arcrole="http://xbrl.org/int/dim/arcrole/domain-member" />
    <link:loc xlink:label="lbl10" xlink:href="96561560_2025-07-30_C_dimension.xsd#tx_cl-ci_PrestamosMiembro_822400t1_F11" xlink:type="locator" />
    <link:definitionArc xlink:to="lbl10" xlink:from="lbl5" xlink:type="arc" xlink:arcrole="http://xbrl.org/int/dim/arcrole/domain-member" />
    <link:loc xlink:label="lbl11" xlink:href="96561560_2025-07-30_C_dimension.xsd#tx_cl-ci_PrestamosMiembro_822400t1_F12" xlink:type="locator" />
    <link:definitionArc xlink:to="lbl11" xlink:from="lbl5" xlink:type="arc" xlink:arcrole="http://xbrl.org/int/dim/arcrole/domain-member" />
  </link:definitionLink>
  <link:definitionLink xlink:role="https://www.cmfchile.cl/cl/fr/ci/role/ifrs-16_2024-03-27_role-832610a" xlink:type="extended">
    <link:loc xlink:label="lbl12" xlink:href="https://www.cmfchile.cl/cl/fr/ci/2025-01-02/cl-ci_cor_2025-01-02.xsd#cl-ci_ObligacionesLeasingMiembro" xlink:type="locator" />
    <link:loc xlink:label="lbl13" xlink:href="96561560_2025-07-30_C_dimension.xsd#tx_cl-ci_ObligacionesLeasingMiembro_832610t2_F14" xlink:type="locator" />
    <link:definitionArc xlink:to="lbl13" xlink:from="lbl12" xlink:type="arc" xlink:arcrole="http://xbrl.org/int/dim/arcrole/domain-member" />
    <link:loc xlink:label="lbl14" xlink:href="96561560_2025-07-30_C_dimension.xsd#tx_cl-ci_ObligacionesLeasingMiembro_832610t2_F15" xlink:type="locator" />
    <link:definitionArc xlink:to="lbl14" xlink:from="lbl12" xlink:type="arc" xlink:arcrole="http://xbrl.org/int/dim/arcrole/domain-member" />
    <link:loc xlink:label="lbl15" xlink:href="96561560_2025-07-30_C_dimension.xsd#tx_cl-ci_ObligacionesLeasingMiembro_832610t2_F16" xlink:type="locator" />
    <link:definitionArc xlink:to="lbl15" xlink:from="lbl12" xlink:type="arc" xlink:arcrole="http://xbrl.org/int/dim/arcrole/domain-member" />
    <link:loc xlink:label="lbl16" xlink:href="96561560_2025-07-30_C_dimension.xsd#tx_cl-ci_ObligacionesLeasingMiembro_832610t2_F17" xlink:type="locator" />
    <link:definitionArc xlink:to="lbl16" xlink:from="lbl12" xlink:type="arc" xlink:arcrole="http://xbrl.org/int/dim/arcrole/domain-member" />
    <link:loc xlink:label="lbl17" xlink:href="96561560_2025-07-30_C_dimension.xsd#tx_cl-ci_ObligacionesLeasingMiembro_832610t2_F18" xlink:type="locator" />
    <link:definitionArc xlink:to="lbl17" xlink:from="lbl12" xlink:type="arc" xlink:arcrole="http://xbrl.org/int/dim/arcrole/domain-member" />
    <link:loc xlink:label="lbl18" xlink:href="96561560_2025-07-30_C_dimension.xsd#tx_cl-ci_ObligacionesLeasingMiembro_832610t2_F19" xlink:type="locator" />
    <link:definitionArc xlink:to="lbl18" xlink:from="lbl12" xlink:type="arc" xlink:arcrole="http://xbrl.org/int/dim/arcrole/domain-member" />
    <link:loc xlink:label="lbl19" xlink:href="96561560_2025-07-30_C_dimension.xsd#tx_cl-ci_ObligacionesLeasingMiembro_832610t2_F20" xlink:type="locator" />
    <link:definitionArc xlink:to="lbl19" xlink:from="lbl12" xlink:type="arc" xlink:arcrole="http://xbrl.org/int/dim/arcrole/domain-member" />
    <link:loc xlink:label="lbl20" xlink:href="96561560_2025-07-30_C_dimension.xsd#tx_cl-ci_ObligacionesLeasingMiembro_832610t2_F21" xlink:type="locator" />
    <link:definitionArc xlink:to="lbl20" xlink:from="lbl12" xlink:type="arc" xlink:arcrole="http://xbrl.org/int/dim/arcrole/domain-member" />
    <link:loc xlink:label="lbl21" xlink:href="96561560_2025-07-30_C_dimension.xsd#tx_cl-ci_ObligacionesLeasingMiembro_832610t2_F22" xlink:type="locator" />
    <link:definitionArc xlink:to="lbl21" xlink:from="lbl12" xlink:type="arc" xlink:arcrole="http://xbrl.org/int/dim/arcrole/domain-member" />
    <link:loc xlink:label="lbl22" xlink:href="96561560_2025-07-30_C_dimension.xsd#tx_cl-ci_ObligacionesLeasingMiembro_832610t2_F23" xlink:type="locator" />
    <link:definitionArc xlink:to="lbl22" xlink:from="lbl12" xlink:type="arc" xlink:arcrole="http://xbrl.org/int/dim/arcrole/domain-member" />
  </link:definitionLink>
  <link:definitionLink xlink:role="https://www.cmfchile.cl/cl/fr/ci/role/ifrs-8_2024-03-27_role-871100b" xlink:type="extended">
    <link:loc xlink:label="lbl23" xlink:href="http://xbrl.ifrs.org/taxonomy/2024-03-27/full_ifrs/full_ifrs-cor_2024-03-27.xsd#ifrs-full_ProductsAndServicesDomain" xlink:type="locator" />
    <link:loc xlink:label="lbl24" xlink:href="96561560_2025-07-30_C_dimension.xsd#tx_ifrs_ProductsAndServicesMember_871100t2_F6" xlink:type="locator" />
    <link:definitionArc xlink:to="lbl24" xlink:from="lbl23" xlink:type="arc" xlink:arcrole="http://xbrl.org/int/dim/arcrole/domain-member" />
    <link:loc xlink:label="lbl25" xlink:href="96561560_2025-07-30_C_dimension.xsd#tx_ifrs_ProductsAndServicesMember_871100t2_F7" xlink:type="locator" />
    <link:definitionArc xlink:to="lbl25" xlink:from="lbl23" xlink:type="arc" xlink:arcrole="http://xbrl.org/int/dim/arcrole/domain-member" />
  </link:definitionLink>
  <link:definitionLink xlink:role="https://www.cmfchile.cl/cl/fr/ci/role/ifrs-8_2024-03-27_role-871100c" xlink:type="extended">
    <link:loc xlink:label="lbl26" xlink:href="http://xbrl.ifrs.org/taxonomy/2024-03-27/full_ifrs/full_ifrs-cor_2024-03-27.xsd#ifrs-full_CountryOfDomicileMember" xlink:type="locator" />
    <link:loc xlink:label="lbl27" xlink:href="96561560_2025-07-30_C_dimension.xsd#tx_ifrs_CountryOfDomicileMember_871100t3_F6" xlink:type="locator" />
    <link:definitionArc xlink:to="lbl27" xlink:from="lbl26" xlink:type="arc" xlink:arcrole="http://xbrl.org/int/dim/arcrole/domain-member" />
    <link:loc xlink:label="lbl26" xlink:href="http://xbrl.ifrs.org/taxonomy/2024-03-27/full_ifrs/full_ifrs-cor_2024-03-27.xsd#ifrs-full_ForeignCountriesMember" xlink:type="locator" />
    <link:loc xlink:label="lbl28" xlink:href="96561560_2025-07-30_C_dimension.xsd#tx_ifrs_ForeignCountriesMember_871100t3_F7" xlink:type="locator" />
    <link:definitionArc xlink:to="lbl28" xlink:from="lbl26" xlink:type="arc" xlink:arcrole="http://xbrl.org/int/dim/arcrole/domain-member" />
  </link:definitionLink>
  <link:definitionLink xlink:role="https://www.cmfchile.cl/cl/fr/ci/role/ifrs-8_2024-03-27_role-871100d" xlink:type="extended">
    <link:loc xlink:label="lbl29" xlink:href="http://xbrl.ifrs.org/taxonomy/2024-03-27/full_ifrs/full_ifrs-cor_2024-03-27.xsd#ifrs-full_GovernmentMember" xlink:type="locator" />
    <link:loc xlink:label="lbl30" xlink:href="96561560_2025-07-30_C_dimension.xsd#tx_ifrs_GovernmentMember_871100t4_F6_Empresa_Nacional_de_Mineria_concentrados_de_cobre" xlink:type="locator" />
    <link:definitionArc xlink:to="lbl30" xlink:from="lbl29" xlink:type="arc" xlink:arcrole="http://xbrl.org/int/dim/arcrole/domain-member" />
    <link:loc xlink:label="lbl31" xlink:href="96561560_2025-07-30_C_dimension.xsd#tx_ifrs_GovernmentMember_871100t4_F7_Cliente_Extranjero_catodos_de_cobre" xlink:type="locator" />
    <link:definitionArc xlink:to="lbl31" xlink:from="lbl29" xlink:type="arc" xlink:arcrole="http://xbrl.org/int/dim/arcrole/domain-member" />
    <link:loc xlink:label="lbl32" xlink:href="http://xbrl.ifrs.org/taxonomy/2024-03-27/full_ifrs/full_ifrs-cor_2024-03-27.xsd#ifrs-full_MajorCustomersDomain" xlink:type="locator" />
    <link:loc xlink:label="lbl33" xlink:href="96561560_2025-07-30_C_dimension.xsd#tx_ifrs_MajorCustomersMember_871100t4_F6_Empresa_Nacional_de_Mineria_concentrados_de_cobre" xlink:type="locator" />
    <link:definitionArc xlink:to="lbl33" xlink:from="lbl32" xlink:type="arc" xlink:arcrole="http://xbrl.org/int/dim/arcrole/domain-member" />
    <link:loc xlink:label="lbl34" xlink:href="96561560_2025-07-30_C_dimension.xsd#tx_ifrs_MajorCustomersMember_871100t4_F7_Cliente_Extranjero_catodos_de_cobre" xlink:type="locator" />
    <link:definitionArc xlink:to="lbl34" xlink:from="lbl32" xlink:type="arc" xlink:arcrole="http://xbrl.org/int/dim/arcrole/domain-member" />
  </link:definitionLink>
  <link:definitionLink xlink:role="https://www.cmfchile.cl/cl/fr/ci/role/ias-24_2024-03-27_role-818000b" xlink:type="extended">
    <link:loc xlink:label="lbl35" xlink:href="http://xbrl.ifrs.org/taxonomy/2024-03-27/full_ifrs/full_ifrs-cor_2024-03-27.xsd#ifrs-full_OtherRelatedPartiesMember" xlink:type="locator" />
    <link:loc xlink:label="lbl36" xlink:href="96561560_2025-07-30_C_dimension.xsd#tx_ifrs_OtherRelatedPartiesMember_818000t1_F13" xlink:type="locator" />
    <link:definitionArc xlink:to="lbl36" xlink:from="lbl35" xlink:type="arc" xlink:arcrole="http://xbrl.org/int/dim/arcrole/domain-member" />
    <link:loc xlink:label="lbl37" xlink:href="96561560_2025-07-30_C_dimension.xsd#tx_ifrs_OtherRelatedPartiesMember_818000t1_F20" xlink:type="locator" />
    <link:definitionArc xlink:to="lbl37" xlink:from="lbl35" xlink:type="arc" xlink:arcrole="http://xbrl.org/int/dim/arcrole/domain-member" />
    <link:loc xlink:label="lbl38" xlink:href="96561560_2025-07-30_C_dimension.xsd#tx_ifrs_OtherRelatedPartiesMember_818000t1_F27" xlink:type="locator" />
    <link:definitionArc xlink:to="lbl38" xlink:from="lbl35" xlink:type="arc" xlink:arcrole="http://xbrl.org/int/dim/arcrole/domain-member" />
    <link:loc xlink:label="lbl39" xlink:href="96561560_2025-07-30_C_dimension.xsd#tx_ifrs_OtherRelatedPartiesMember_818000t1_F34" xlink:type="locator" />
    <link:definitionArc xlink:to="lbl39" xlink:from="lbl35" xlink:type="arc" xlink:arcrole="http://xbrl.org/int/dim/arcrole/domain-member" />
    <link:loc xlink:label="lbl40" xlink:href="96561560_2025-07-30_C_dimension.xsd#tx_ifrs_OtherRelatedPartiesMember_818000t1_F41" xlink:type="locator" />
    <link:definitionArc xlink:to="lbl40" xlink:from="lbl35" xlink:type="arc" xlink:arcrole="http://xbrl.org/int/dim/arcrole/domain-member" />
  </link:definitionLink>
  <link:definitionLink xlink:role="https://www.cmfchile.cl/cl/fr/ci/role/cl-cp_2025-01-02_role-872500a" xlink:type="extended">
    <link:loc xlink:label="lbl41" xlink:href="https://www.cmfchile.cl/cl/fr/ci/2025-01-02/cl-ci_cor_2025-01-02.xsd#cl-ci_MonedaExtranjeraMiembro" xlink:type="locator" />
    <link:loc xlink:label="lbl42" xlink:href="96561560_2025-07-30_C_dimension.xsd#tx_cl-ci_MonedaExtranjeraMiembro_872500_F6" xlink:type="locator" />
    <link:definitionArc xlink:to="lbl42" xlink:from="lbl41" xlink:type="arc" xlink:arcrole="http://xbrl.org/int/dim/arcrole/domain-member" />
    <link:loc xlink:label="lbl43" xlink:href="96561560_2025-07-30_C_dimension.xsd#tx_cl-ci_MonedaExtranjeraMiembro_872500_F7" xlink:type="locator" />
    <link:definitionArc xlink:to="lbl43" xlink:from="lbl41" xlink:type="arc" xlink:arcrole="http://xbrl.org/int/dim/arcrole/domain-member" />
    <link:loc xlink:label="lbl44" xlink:href="96561560_2025-07-30_C_dimension.xsd#tx_cl-ci_MonedaExtranjeraMiembro_872500_F26" xlink:type="locator" />
    <link:definitionArc xlink:to="lbl44" xlink:from="lbl41" xlink:type="arc" xlink:arcrole="http://xbrl.org/int/dim/arcrole/domain-member" />
  </link:definitionLink>
  <link:definitionLink xlink:role="https://www.cmfchile.cl/cl/fr/ci/role/circ-1901_2008-10-30_role-872000" xlink:type="extended">
    <link:loc xlink:label="lbl45" xlink:href="https://www.cmfchile.cl/cl/fr/ci/2025-01-02/cl-ci_cor_2025-01-02.xsd#cl-ci_TotalDesembolsosEnMedioAmbienteMiembro" xlink:type="locator" />
    <link:loc xlink:label="lbl46" xlink:href="96561560_2025-07-30_C_dimension.xsd#tx_cl-ci_TotalDesembolsosEnMedioAmbienteMiembro_872000_F5" xlink:type="locator" />
    <link:definitionArc xlink:to="lbl46" xlink:from="lbl45" xlink:type="arc" xlink:arcrole="http://xbrl.org/int/dim/arcrole/domain-member" />
    <link:loc xlink:label="lbl47" xlink:href="96561560_2025-07-30_C_dimension.xsd#tx_cl-ci_TotalDesembolsosEnMedioAmbienteMiembro_872000_F6" xlink:type="locator" />
    <link:definitionArc xlink:to="lbl47" xlink:from="lbl45" xlink:type="arc" xlink:arcrole="http://xbrl.org/int/dim/arcrole/domain-member" />
    <link:loc xlink:label="lbl48" xlink:href="96561560_2025-07-30_C_dimension.xsd#tx_cl-ci_TotalDesembolsosEnMedioAmbienteMiembro_872000_F7" xlink:type="locator" />
    <link:definitionArc xlink:to="lbl48" xlink:from="lbl45" xlink:type="arc" xlink:arcrole="http://xbrl.org/int/dim/arcrole/domain-member" />
    <link:loc xlink:label="lbl49" xlink:href="96561560_2025-07-30_C_dimension.xsd#tx_cl-ci_TotalDesembolsosEnMedioAmbienteMiembro_872000_F8" xlink:type="locator" />
    <link:definitionArc xlink:to="lbl49" xlink:from="lbl45" xlink:type="arc" xlink:arcrole="http://xbrl.org/int/dim/arcrole/domain-member" />
    <link:loc xlink:label="lbl50" xlink:href="96561560_2025-07-30_C_dimension.xsd#tx_cl-ci_TotalDesembolsosEnMedioAmbienteMiembro_872000_F9" xlink:type="locator" />
    <link:definitionArc xlink:to="lbl50" xlink:from="lbl45" xlink:type="arc" xlink:arcrole="http://xbrl.org/int/dim/arcrole/domain-member" />
  </link:definitionLink>
  <link:definitionLink xlink:role="https://www.cmfchile.cl/cl/fr/ci/role/ifrs-12_2024-03-27_role-825700" xlink:type="extended">
    <link:loc xlink:label="lbl51" xlink:href="http://xbrl.ifrs.org/taxonomy/2024-03-27/full_ifrs/full_ifrs-cor_2024-03-27.xsd#ifrs-full_SubsidiariesMember" xlink:type="locator" />
    <link:loc xlink:label="lbl52" xlink:href="96561560_2025-07-30_C_dimension.xsd#tx_ifrs-full_SubsidiariesMember_825700T1_F5" xlink:type="locator" />
    <link:definitionArc xlink:to="lbl52" xlink:from="lbl51" xlink:type="arc" xlink:arcrole="http://xbrl.org/int/dim/arcrole/domain-member" />
    <link:loc xlink:label="lbl53" xlink:href="96561560_2025-07-30_C_dimension.xsd#tx_ifrs-full_SubsidiariesMember_825700T1_F6" xlink:type="locator" />
    <link:definitionArc xlink:to="lbl53" xlink:from="lbl51" xlink:type="arc" xlink:arcrole="http://xbrl.org/int/dim/arcrole/domain-member" />
    <link:loc xlink:label="lbl54" xlink:href="96561560_2025-07-30_C_dimension.xsd#tx_ifrs-full_SubsidiariesMember_825700T1_F40" xlink:type="locator" />
    <link:definitionArc xlink:to="lbl54" xlink:from="lbl51" xlink:type="arc" xlink:arcrole="http://xbrl.org/int/dim/arcrole/domain-member" />
  </link:definitionLink>
  <link:definitionLink xlink:role="https://www.cmfchile.cl/cl/fr/ci/role/cl-cp_2025-01-02_role-822400c" xlink:type="extended">
    <link:loc xlink:label="lbl55" xlink:href="https://www.cmfchile.cl/cl/fr/ci/2025-01-02/cl-ci_cor_2025-01-02.xsd#cl-ci_RestriccionesFinancierasMiembro" xlink:type="locator" />
    <link:loc xlink:label="lbl56" xlink:href="96561560_2025-07-30_C_dimension.xsd#tx_cl-ci_RestriccionesFinancierasMiembro_822400T11_F0" xlink:type="locator" />
    <link:definitionArc xlink:to="lbl56" xlink:from="lbl55" xlink:type="arc" xlink:arcrole="http://xbrl.org/int/dim/arcrole/domain-member" />
  </link:definitionLink>
</link:linkbase>
