<?xml version="1.0" encoding="ISO-8859-1"?>
<!-- http://www.ctiservice.cl -->
<!-- Generado por CTI Service -->
<!-- � 2012 - 2024 Copyright all rights reserved CTI Service Limitada -->
<!-- Archivo Generado para SOCIEDAD PUNTA DEL COBRE S.A. 29-01-2025 16:23:20 -->
<link:linkbase xmlns:link="http://www.xbrl.org/2003/linkbase" xmlns:xlink="http://www.w3.org/1999/xlink">
  <link:labelLink xlink:role="http://www.xbrl.org/2003/role/link" xlink:type="extended">
    <link:loc xlink:label="lbl1" xlink:href="96561560_2025-01-29_C_dimension.xsd#tx_ifrs_ClassesOfShareCapitalMember_861200t1_1_F4" xlink:type="locator" />
    <link:label xlink:role="http://www.xbrl.org/2003/role/label" xlink:label="lbl2" xlink:type="resource" id="id2" xml:lang="es">861200t1_1_F4</link:label>
    <link:labelArc xlink:to="lbl2" xlink:from="lbl1" xlink:type="arc" xlink:arcrole="http://www.xbrl.org/2003/arcrole/concept-label" />
    <link:loc xlink:label="lbl7" xlink:href="96561560_2025-01-29_C_dimension.xsd#tx_cl-ci_PrestamosMiembro_822400t1_F7" xlink:type="locator" />
    <link:label xlink:role="http://www.xbrl.org/2003/role/label" xlink:label="lbl8" xlink:type="resource" id="id8" xml:lang="es">822400t1_F7</link:label>
    <link:labelArc xlink:to="lbl8" xlink:from="lbl7" xlink:type="arc" xlink:arcrole="http://www.xbrl.org/2003/arcrole/concept-label" />
    <link:loc xlink:label="lbl9" xlink:href="96561560_2025-01-29_C_dimension.xsd#tx_cl-ci_PrestamosMiembro_822400t1_F8" xlink:type="locator" />
    <link:label xlink:role="http://www.xbrl.org/2003/role/label" xlink:label="lbl10" xlink:type="resource" id="id10" xml:lang="es">822400t1_F8</link:label>
    <link:labelArc xlink:to="lbl10" xlink:from="lbl9" xlink:type="arc" xlink:arcrole="http://www.xbrl.org/2003/arcrole/concept-label" />
    <link:loc xlink:label="lbl11" xlink:href="96561560_2025-01-29_C_dimension.xsd#tx_cl-ci_PrestamosMiembro_822400t1_F9" xlink:type="locator" />
    <link:label xlink:role="http://www.xbrl.org/2003/role/label" xlink:label="lbl12" xlink:type="resource" id="id12" xml:lang="es">822400t1_F9</link:label>
    <link:labelArc xlink:to="lbl12" xlink:from="lbl11" xlink:type="arc" xlink:arcrole="http://www.xbrl.org/2003/arcrole/concept-label" />
    <link:loc xlink:label="lbl13" xlink:href="96561560_2025-01-29_C_dimension.xsd#tx_cl-ci_ObligacionesLeasingMiembro_832610t2_F14" xlink:type="locator" />
    <link:label xlink:role="http://www.xbrl.org/2003/role/label" xlink:label="lbl14" xlink:type="resource" id="id14" xml:lang="es">832610t2_F14</link:label>
    <link:labelArc xlink:to="lbl14" xlink:from="lbl13" xlink:type="arc" xlink:arcrole="http://www.xbrl.org/2003/arcrole/concept-label" />
    <link:loc xlink:label="lbl15" xlink:href="96561560_2025-01-29_C_dimension.xsd#tx_cl-ci_ObligacionesLeasingMiembro_832610t2_F15" xlink:type="locator" />
    <link:label xlink:role="http://www.xbrl.org/2003/role/label" xlink:label="lbl16" xlink:type="resource" id="id16" xml:lang="es">832610t2_F15</link:label>
    <link:labelArc xlink:to="lbl16" xlink:from="lbl15" xlink:type="arc" xlink:arcrole="http://www.xbrl.org/2003/arcrole/concept-label" />
    <link:loc xlink:label="lbl17" xlink:href="96561560_2025-01-29_C_dimension.xsd#tx_cl-ci_ObligacionesLeasingMiembro_832610t2_F16" xlink:type="locator" />
    <link:label xlink:role="http://www.xbrl.org/2003/role/label" xlink:label="lbl18" xlink:type="resource" id="id18" xml:lang="es">832610t2_F16</link:label>
    <link:labelArc xlink:to="lbl18" xlink:from="lbl17" xlink:type="arc" xlink:arcrole="http://www.xbrl.org/2003/arcrole/concept-label" />
    <link:loc xlink:label="lbl19" xlink:href="96561560_2025-01-29_C_dimension.xsd#tx_cl-ci_ObligacionesLeasingMiembro_832610t2_F17" xlink:type="locator" />
    <link:label xlink:role="http://www.xbrl.org/2003/role/label" xlink:label="lbl20" xlink:type="resource" id="id20" xml:lang="es">832610t2_F17</link:label>
    <link:labelArc xlink:to="lbl20" xlink:from="lbl19" xlink:type="arc" xlink:arcrole="http://www.xbrl.org/2003/arcrole/concept-label" />
    <link:loc xlink:label="lbl21" xlink:href="96561560_2025-01-29_C_dimension.xsd#tx_cl-ci_ObligacionesLeasingMiembro_832610t2_F18" xlink:type="locator" />
    <link:label xlink:role="http://www.xbrl.org/2003/role/label" xlink:label="lbl22" xlink:type="resource" id="id22" xml:lang="es">832610t2_F18</link:label>
    <link:labelArc xlink:to="lbl22" xlink:from="lbl21" xlink:type="arc" xlink:arcrole="http://www.xbrl.org/2003/arcrole/concept-label" />
    <link:loc xlink:label="lbl23" xlink:href="96561560_2025-01-29_C_dimension.xsd#tx_cl-ci_ObligacionesLeasingMiembro_832610t2_F19" xlink:type="locator" />
    <link:label xlink:role="http://www.xbrl.org/2003/role/label" xlink:label="lbl24" xlink:type="resource" id="id24" xml:lang="es">832610t2_F19</link:label>
    <link:labelArc xlink:to="lbl24" xlink:from="lbl23" xlink:type="arc" xlink:arcrole="http://www.xbrl.org/2003/arcrole/concept-label" />
    <link:loc xlink:label="lbl25" xlink:href="96561560_2025-01-29_C_dimension.xsd#tx_cl-ci_ObligacionesLeasingMiembro_832610t2_F20" xlink:type="locator" />
    <link:label xlink:role="http://www.xbrl.org/2003/role/label" xlink:label="lbl26" xlink:type="resource" id="id26" xml:lang="es">832610t2_F20</link:label>
    <link:labelArc xlink:to="lbl26" xlink:from="lbl25" xlink:type="arc" xlink:arcrole="http://www.xbrl.org/2003/arcrole/concept-label" />
    <link:loc xlink:label="lbl27" xlink:href="96561560_2025-01-29_C_dimension.xsd#tx_cl-ci_ObligacionesLeasingMiembro_832610t2_F21" xlink:type="locator" />
    <link:label xlink:role="http://www.xbrl.org/2003/role/label" xlink:label="lbl28" xlink:type="resource" id="id28" xml:lang="es">832610t2_F21</link:label>
    <link:labelArc xlink:to="lbl28" xlink:from="lbl27" xlink:type="arc" xlink:arcrole="http://www.xbrl.org/2003/arcrole/concept-label" />
    <link:loc xlink:label="lbl29" xlink:href="96561560_2025-01-29_C_dimension.xsd#tx_cl-ci_ObligacionesLeasingMiembro_832610t2_F22" xlink:type="locator" />
    <link:label xlink:role="http://www.xbrl.org/2003/role/label" xlink:label="lbl30" xlink:type="resource" id="id30" xml:lang="es">832610t2_F22</link:label>
    <link:labelArc xlink:to="lbl30" xlink:from="lbl29" xlink:type="arc" xlink:arcrole="http://www.xbrl.org/2003/arcrole/concept-label" />
    <link:loc xlink:label="lbl31" xlink:href="96561560_2025-01-29_C_dimension.xsd#tx_cl-ci_ObligacionesLeasingMiembro_832610t2_F23" xlink:type="locator" />
    <link:label xlink:role="http://www.xbrl.org/2003/role/label" xlink:label="lbl32" xlink:type="resource" id="id32" xml:lang="es">832610t2_F23</link:label>
    <link:labelArc xlink:to="lbl32" xlink:from="lbl31" xlink:type="arc" xlink:arcrole="http://www.xbrl.org/2003/arcrole/concept-label" />
    <link:loc xlink:label="lbl33" xlink:href="96561560_2025-01-29_C_dimension.xsd#tx_ifrs_ProductsAndServicesMember_871100t2_F6" xlink:type="locator" />
    <link:label xlink:role="http://www.xbrl.org/2003/role/label" xlink:label="lbl34" xlink:type="resource" id="id34" xml:lang="es">871100t2_F6</link:label>
    <link:labelArc xlink:to="lbl34" xlink:from="lbl33" xlink:type="arc" xlink:arcrole="http://www.xbrl.org/2003/arcrole/concept-label" />
    <link:loc xlink:label="lbl35" xlink:href="96561560_2025-01-29_C_dimension.xsd#tx_ifrs_ProductsAndServicesMember_871100t2_F7" xlink:type="locator" />
    <link:label xlink:role="http://www.xbrl.org/2003/role/label" xlink:label="lbl36" xlink:type="resource" id="id36" xml:lang="es">871100t2_F7</link:label>
    <link:labelArc xlink:to="lbl36" xlink:from="lbl35" xlink:type="arc" xlink:arcrole="http://www.xbrl.org/2003/arcrole/concept-label" />
    <link:loc xlink:label="lbl37" xlink:href="96561560_2025-01-29_C_dimension.xsd#tx_ifrs_CountryOfDomicileMember_871100t3_F6" xlink:type="locator" />
    <link:label xlink:role="http://www.xbrl.org/2003/role/label" xlink:label="lbl38" xlink:type="resource" id="id38" xml:lang="es">871100t3_F6</link:label>
    <link:labelArc xlink:to="lbl38" xlink:from="lbl37" xlink:type="arc" xlink:arcrole="http://www.xbrl.org/2003/arcrole/concept-label" />
    <link:loc xlink:label="lbl39" xlink:href="96561560_2025-01-29_C_dimension.xsd#tx_ifrs_ForeignCountriesMember_871100t3_F7" xlink:type="locator" />
    <link:label xlink:role="http://www.xbrl.org/2003/role/label" xlink:label="lbl40" xlink:type="resource" id="id40" xml:lang="es">871100t3_F7</link:label>
    <link:labelArc xlink:to="lbl40" xlink:from="lbl39" xlink:type="arc" xlink:arcrole="http://www.xbrl.org/2003/arcrole/concept-label" />
    <link:loc xlink:label="lbl41" xlink:href="96561560_2025-01-29_C_dimension.xsd#tx_ifrs_GovernmentMember_871100t4_F6_Empresa_Nacional_de_Mineria_concentrados_de_cobre" xlink:type="locator" />
    <link:label xlink:role="http://www.xbrl.org/2003/role/label" xlink:label="lbl42" xlink:type="resource" id="id42" xml:lang="es">871100t4_F6_Empresa_Nacional_de_Mineria_concentrados_de_cobre</link:label>
    <link:labelArc xlink:to="lbl42" xlink:from="lbl41" xlink:type="arc" xlink:arcrole="http://www.xbrl.org/2003/arcrole/concept-label" />
    <link:loc xlink:label="lbl43" xlink:href="96561560_2025-01-29_C_dimension.xsd#tx_ifrs_GovernmentMember_871100t4_F7_Cliente_Extranjero_catodos_de_cobre" xlink:type="locator" />
    <link:label xlink:role="http://www.xbrl.org/2003/role/label" xlink:label="lbl44" xlink:type="resource" id="id44" xml:lang="es">871100t4_F7_Cliente_Extranjero_catodos_de_cobre</link:label>
    <link:labelArc xlink:to="lbl44" xlink:from="lbl43" xlink:type="arc" xlink:arcrole="http://www.xbrl.org/2003/arcrole/concept-label" />
    <link:loc xlink:label="lbl45" xlink:href="96561560_2025-01-29_C_dimension.xsd#tx_ifrs_MajorCustomersMember_871100t4_F6_Empresa_Nacional_de_Mineria_concentrados_de_cobre" xlink:type="locator" />
    <link:label xlink:role="http://www.xbrl.org/2003/role/label" xlink:label="lbl46" xlink:type="resource" id="id46" xml:lang="es">871100t4_F6_Empresa_Nacional_de_Mineria_concentrados_de_cobre</link:label>
    <link:labelArc xlink:to="lbl46" xlink:from="lbl45" xlink:type="arc" xlink:arcrole="http://www.xbrl.org/2003/arcrole/concept-label" />
    <link:loc xlink:label="lbl47" xlink:href="96561560_2025-01-29_C_dimension.xsd#tx_ifrs_MajorCustomersMember_871100t4_F7_Cliente_Extranjero_catodos_de_cobre" xlink:type="locator" />
    <link:label xlink:role="http://www.xbrl.org/2003/role/label" xlink:label="lbl48" xlink:type="resource" id="id48" xml:lang="es">871100t4_F7_Cliente_Extranjero_catodos_de_cobre</link:label>
    <link:labelArc xlink:to="lbl48" xlink:from="lbl47" xlink:type="arc" xlink:arcrole="http://www.xbrl.org/2003/arcrole/concept-label" />
    <link:loc xlink:label="lbl49" xlink:href="96561560_2025-01-29_C_dimension.xsd#tx_ifrs_OtherRelatedPartiesMember_818000t1_F13" xlink:type="locator" />
    <link:label xlink:role="http://www.xbrl.org/2003/role/label" xlink:label="lbl50" xlink:type="resource" id="id50" xml:lang="es">818000t1_F13</link:label>
    <link:labelArc xlink:to="lbl50" xlink:from="lbl49" xlink:type="arc" xlink:arcrole="http://www.xbrl.org/2003/arcrole/concept-label" />
    <link:loc xlink:label="lbl51" xlink:href="96561560_2025-01-29_C_dimension.xsd#tx_ifrs_OtherRelatedPartiesMember_818000t1_F20" xlink:type="locator" />
    <link:label xlink:role="http://www.xbrl.org/2003/role/label" xlink:label="lbl52" xlink:type="resource" id="id52" xml:lang="es">818000t1_F20</link:label>
    <link:labelArc xlink:to="lbl52" xlink:from="lbl51" xlink:type="arc" xlink:arcrole="http://www.xbrl.org/2003/arcrole/concept-label" />
    <link:loc xlink:label="lbl53" xlink:href="96561560_2025-01-29_C_dimension.xsd#tx_ifrs_OtherRelatedPartiesMember_818000t1_F27" xlink:type="locator" />
    <link:label xlink:role="http://www.xbrl.org/2003/role/label" xlink:label="lbl54" xlink:type="resource" id="id54" xml:lang="es">818000t1_F27</link:label>
    <link:labelArc xlink:to="lbl54" xlink:from="lbl53" xlink:type="arc" xlink:arcrole="http://www.xbrl.org/2003/arcrole/concept-label" />
    <link:loc xlink:label="lbl55" xlink:href="96561560_2025-01-29_C_dimension.xsd#tx_ifrs_OtherRelatedPartiesMember_818000t1_F34" xlink:type="locator" />
    <link:label xlink:role="http://www.xbrl.org/2003/role/label" xlink:label="lbl56" xlink:type="resource" id="id56" xml:lang="es">818000t1_F34</link:label>
    <link:labelArc xlink:to="lbl56" xlink:from="lbl55" xlink:type="arc" xlink:arcrole="http://www.xbrl.org/2003/arcrole/concept-label" />
    <link:loc xlink:label="lbl57" xlink:href="96561560_2025-01-29_C_dimension.xsd#tx_ifrs_OtherRelatedPartiesMember_818000t1_F41" xlink:type="locator" />
    <link:label xlink:role="http://www.xbrl.org/2003/role/label" xlink:label="lbl58" xlink:type="resource" id="id58" xml:lang="es">818000t1_F41</link:label>
    <link:labelArc xlink:to="lbl58" xlink:from="lbl57" xlink:type="arc" xlink:arcrole="http://www.xbrl.org/2003/arcrole/concept-label" />
    <link:loc xlink:label="lbl59" xlink:href="96561560_2025-01-29_C_dimension.xsd#tx_ifrs_BusinessCombinationsMember_817100_F5" xlink:type="locator" />
    <link:label xlink:role="http://www.xbrl.org/2003/role/label" xlink:label="lbl60" xlink:type="resource" id="id60" xml:lang="es">817100_F5</link:label>
    <link:labelArc xlink:to="lbl60" xlink:from="lbl59" xlink:type="arc" xlink:arcrole="http://www.xbrl.org/2003/arcrole/concept-label" />
    <link:loc xlink:label="lbl61" xlink:href="96561560_2025-01-29_C_dimension.xsd#tx_cl-ci_MonedaExtranjeraMiembro_872500_F6" xlink:type="locator" />
    <link:label xlink:role="http://www.xbrl.org/2003/role/label" xlink:label="lbl62" xlink:type="resource" id="id62" xml:lang="es">872500_F6</link:label>
    <link:labelArc xlink:to="lbl62" xlink:from="lbl61" xlink:type="arc" xlink:arcrole="http://www.xbrl.org/2003/arcrole/concept-label" />
    <link:loc xlink:label="lbl63" xlink:href="96561560_2025-01-29_C_dimension.xsd#tx_cl-ci_MonedaExtranjeraMiembro_872500_F7" xlink:type="locator" />
    <link:label xlink:role="http://www.xbrl.org/2003/role/label" xlink:label="lbl64" xlink:type="resource" id="id64" xml:lang="es">872500_F7</link:label>
    <link:labelArc xlink:to="lbl64" xlink:from="lbl63" xlink:type="arc" xlink:arcrole="http://www.xbrl.org/2003/arcrole/concept-label" />
    <link:loc xlink:label="lbl65" xlink:href="96561560_2025-01-29_C_dimension.xsd#tx_cl-ci_MonedaExtranjeraMiembro_872500_F26" xlink:type="locator" />
    <link:label xlink:role="http://www.xbrl.org/2003/role/label" xlink:label="lbl66" xlink:type="resource" id="id66" xml:lang="es">872500_F26</link:label>
    <link:labelArc xlink:to="lbl66" xlink:from="lbl65" xlink:type="arc" xlink:arcrole="http://www.xbrl.org/2003/arcrole/concept-label" />
    <link:loc xlink:label="lbl67" xlink:href="96561560_2025-01-29_C_dimension.xsd#tx_cl-ci_MonedaExtranjeraMiembro_872500_F27" xlink:type="locator" />
    <link:label xlink:role="http://www.xbrl.org/2003/role/label" xlink:label="lbl68" xlink:type="resource" id="id68" xml:lang="es">872500_F27</link:label>
    <link:labelArc xlink:to="lbl68" xlink:from="lbl67" xlink:type="arc" xlink:arcrole="http://www.xbrl.org/2003/arcrole/concept-label" />
    <link:loc xlink:label="lbl69" xlink:href="96561560_2025-01-29_C_dimension.xsd#tx_ifrs-full_SubsidiariesMember_825700T1_F5" xlink:type="locator" />
    <link:label xlink:role="http://www.xbrl.org/2003/role/label" xlink:label="lbl70" xlink:type="resource" id="id70" xml:lang="es">825700T1_F5</link:label>
    <link:labelArc xlink:to="lbl70" xlink:from="lbl69" xlink:type="arc" xlink:arcrole="http://www.xbrl.org/2003/arcrole/concept-label" />
    <link:loc xlink:label="lbl71" xlink:href="96561560_2025-01-29_C_dimension.xsd#tx_cl-ci_RestriccionesFinancierasMiembro_822400T11_F0" xlink:type="locator" />
    <link:label xlink:role="http://www.xbrl.org/2003/role/label" xlink:label="lbl72" xlink:type="resource" id="id72" xml:lang="es">822400T11_F0</link:label>
    <link:labelArc xlink:to="lbl72" xlink:from="lbl71" xlink:type="arc" xlink:arcrole="http://www.xbrl.org/2003/arcrole/concept-label" />
  </link:labelLink>
</link:linkbase>
